pano_id,lat,lng,heading,num_links,tour_url
47019795,43.452663888889,-3.8566472222222,343.1,1,https://tourmkr.com/F17VY1PAdF
47019799,43.452662698068,-3.8567091421257,332.4,2,https://tourmkr.com/F17VY1PAdF
47019797,43.452602777778,-3.8570888888889,152.4,2,https://tourmkr.com/F17VY1PAdF
47019794,43.452561111111,-3.8573055555556,320.8,2,https://tourmkr.com/F17VY1PAdF
47019793,43.452486111111,-3.8575388888889,323.4,2,https://tourmkr.com/F17VY1PAdF
47019792,43.452430555556,-3.8577361111111,327.6,3,https://tourmkr.com/F17VY1PAdF
47019791,43.452380555556,-3.8579611111111,325.2,2,https://tourmkr.com/F17VY1PAdF
47019790,43.452325,-3.8581777777778,7.0,2,https://tourmkr.com/F17VY1PAdF
47019789,43.452372222222,-3.8583361111111,187.0,2,https://tourmkr.com/F17VY1PAdF
47019788,43.452411111111,-3.8584166666667,76.7,3,https://tourmkr.com/F17VY1PAdF
47019787,43.452352777778,-3.8585944444444,328.5,2,https://tourmkr.com/F17VY1PAdF
47019786,43.452319444444,-3.8587527777778,148.5,1,https://tourmkr.com/F17VY1PAdF
47019829,43.452466666667,-3.8584138888889,120.1,2,https://tourmkr.com/F17VY1PAdF
47019830,43.45255,-3.8582972222222,300.1,2,https://tourmkr.com/F17VY1PAdF
47019831,43.452580555556,-3.8581833333333,239.3,2,https://tourmkr.com/F17VY1PAdF
47019828,43.452411111111,-3.8581194444444,59.3,2,https://tourmkr.com/F17VY1PAdF
47019827,43.452363888889,-3.8580388888889,23.6,1,https://tourmkr.com/F17VY1PAdF
47019826,43.452263888889,-3.857725,233.4,2,https://tourmkr.com/F17VY1PAdF
47019824,43.452036111111,-3.8576027777778,212.7,2,https://tourmkr.com/F17VY1PAdF
47019825,43.451977777778,-3.8575305555556,235.7,3,https://tourmkr.com/F17VY1PAdF
47019823,43.451830555556,-3.8574611111111,228.8,2,https://tourmkr.com/F17VY1PAdF
47019822,43.451713888889,-3.8573833333333,261.8,3,https://tourmkr.com/F17VY1PAdF
47019821,43.452044444444,-3.8573916666667,138.1,2,https://tourmkr.com/F17VY1PAdF
47019819,43.452113888889,-3.8572,318.1,2,https://tourmkr.com/F17VY1PAdF
47019815,43.452186111111,-3.8570111111111,140.9,2,https://tourmkr.com/F17VY1PAdF
47019818,43.452247222222,-3.8568194444444,320.9,2,https://tourmkr.com/F17VY1PAdF
47019816,43.452305555556,-3.8566138888889,144.0,2,https://tourmkr.com/F17VY1PAdF
47019817,43.452361111111,-3.8564111111111,150.3,2,https://tourmkr.com/F17VY1PAdF
47019814,43.452402777778,-3.8561861111111,330.3,2,https://tourmkr.com/F17VY1PAdF
47019811,43.452444444444,-3.8560027777778,170.0,2,https://tourmkr.com/F17VY1PAdF
47019812,43.452433333333,-3.8558388888889,246.8,2,https://tourmkr.com/F17VY1PAdF
47019809,43.452286111111,-3.8558111111111,243.4,2,https://tourmkr.com/F17VY1PAdF
47019813,43.452144444444,-3.8557722222222,262.5,3,https://tourmkr.com/F17VY1PAdF
47019810,43.452105555556,-3.8557,152.8,3,https://tourmkr.com/F17VY1PAdF
47019806,43.452138888889,-3.8554805555556,332.8,2,https://tourmkr.com/F17VY1PAdF
47019807,43.452213888889,-3.8552611111111,319.4,2,https://tourmkr.com/F17VY1PAdF
47019808,43.452272222222,-3.85505,142.6,2,https://tourmkr.com/F17VY1PAdF
47019805,43.452333333333,-3.8548416666667,143.3,2,https://tourmkr.com/F17VY1PAdF
47019803,43.452391666667,-3.8546361111111,143.3,2,https://tourmkr.com/F17VY1PAdF
47019804,43.452444444444,-3.85445,139.7,2,https://tourmkr.com/F17VY1PAdF
47019800,43.452519444444,-3.8542277777778,135.1,2,https://tourmkr.com/F17VY1PAdF
47019802,43.452597222222,-3.8540388888889,145.6,2,https://tourmkr.com/F17VY1PAdF
47019801,43.452647222222,-3.8538388888889,146.0,2,https://tourmkr.com/F17VY1PAdF
47019798,43.452713841521,-3.8536168978864,316.5,2,https://tourmkr.com/F17VY1PAdF
47019796,43.452777777778,-3.8534555555556,311.2,1,https://tourmkr.com/F17VY1PAdF
47019866,43.452744444444,-3.853525,131.2,2,https://tourmkr.com/F17VY1PAdF
47019865,43.452680555556,-3.8537027777778,136.5,2,https://tourmkr.com/F17VY1PAdF
47019901,43.452086111111,-3.8557833333333,314.0,3,https://tourmkr.com/F17VY1PAdF
47019902,43.452,-3.8559833333333,328.3,2,https://tourmkr.com/F17VY1PAdF
47019897,43.451955555556,-3.8561916666667,327.2,2,https://tourmkr.com/F17VY1PAdF
47019900,43.451905555556,-3.8564111111111,325.0,2,https://tourmkr.com/F17VY1PAdF
47019898,43.451847222222,-3.8566361111111,326.8,2,https://tourmkr.com/F17VY1PAdF
47019899,43.451788888889,-3.8568861111111,317.1,2,https://tourmkr.com/F17VY1PAdF
47019896,43.451711111111,-3.8570916666667,331.7,2,https://tourmkr.com/F17VY1PAdF
47019895,43.451680555556,-3.857275,325.2,3,https://tourmkr.com/F17VY1PAdF
47019892,43.45165,-3.8573944444444,320.3,3,https://tourmkr.com/F17VY1PAdF
47019894,43.451580555556,-3.8576055555556,329.4,2,https://tourmkr.com/F17VY1PAdF
47019893,43.451541666667,-3.8578027777778,149.4,2,https://tourmkr.com/F17VY1PAdF
47019891,43.451469444444,-3.857975,322.7,2,https://tourmkr.com/F17VY1PAdF
47019832,43.451397222222,-3.8582222222222,316.0,2,https://tourmkr.com/F17VY1PAdF
47019833,43.451316666667,-3.858425,136.0,2,https://tourmkr.com/F17VY1PAdF
47019890,43.451252777778,-3.8585972222222,137.6,2,https://tourmkr.com/F17VY1PAdF
47019889,43.451211111111,-3.8586583333333,308.9,3,https://tourmkr.com/F17VY1PAdF
47019888,43.451280555556,-3.8587,278.3,2,https://tourmkr.com/F17VY1PAdF
47019887,43.451147222222,-3.8587805555556,330.9,3,https://tourmkr.com/F17VY1PAdF
47019883,43.451111111111,-3.8589833333333,150.9,2,https://tourmkr.com/F17VY1PAdF
47019885,43.451136111111,-3.8592194444444,341.1,2,https://tourmkr.com/F17VY1PAdF
47019886,43.451125,-3.8594666666667,334.2,2,https://tourmkr.com/F17VY1PAdF
47019884,43.451113888889,-3.85955,299.7,4,https://tourmkr.com/F17VY1PAdF
47019881,43.450861111111,-3.8595,58.5,1,https://tourmkr.com/F17VY1PAdF
47019882,43.451013888889,-3.8595611111111,359.6,3,https://tourmkr.com/F17VY1PAdF
47019880,43.451172222222,-3.8596194444444,37.6,3,https://tourmkr.com/F17VY1PAdF
47019879,43.451308333333,-3.8597611111111,58.6,2,https://tourmkr.com/F17VY1PAdF
47019877,43.451440003485,-3.8598132995456,61.6,2,https://tourmkr.com/F17VY1PAdF
47019878,43.451563888889,-3.8598527777778,326.9,3,https://tourmkr.com/F17VY1PAdF
47019876,43.451652520875,-3.8596197621954,140.3,2,https://tourmkr.com/F17VY1PAdF
47019875,43.451708333333,-3.85945,136.6,2,https://tourmkr.com/F17VY1PAdF
47019874,43.451775,-3.8592777777778,135.8,2,https://tourmkr.com/F17VY1PAdF
47019872,43.452005555556,-3.8586388888889,318.1,1,https://tourmkr.com/F17VY1PAdF
47019871,43.451940497461,-3.8588180788334,138.1,2,https://tourmkr.com/F17VY1PAdF
47019873,43.451858333333,-3.8590694444444,140.4,2,https://tourmkr.com/F17VY1PAdF
47019870,43.451605555556,-3.8597527777778,138.7,2,https://tourmkr.com/F17VY1PAdF
47019847,43.451386111111,-3.8604194444444,132.8,1,https://tourmkr.com/F17VY1PAdF
47019845,43.451488888889,-3.8601916666667,148.1,2,https://tourmkr.com/F17VY1PAdF
47019846,43.451536111111,-3.8599722222222,328.1,2,https://tourmkr.com/F17VY1PAdF
47019844,43.451033333333,-3.8596611111111,321.4,4,https://tourmkr.com/F17VY1PAdF
47019864,43.450994444444,-3.8597861111111,305.6,2,https://tourmkr.com/F17VY1PAdF
47019843,43.450911111111,-3.8599277777778,281.4,2,https://tourmkr.com/F17VY1PAdF
47019842,43.450793912125,-3.8600090125804,285.6,2,https://tourmkr.com/F17VY1PAdF
47019841,43.45066407222,-3.8601162369094,292.5,2,https://tourmkr.com/F17VY1PAdF
47019840,43.450583333333,-3.8602027777778,308.3,2,https://tourmkr.com/F17VY1PAdF
47019838,43.450494444444,-3.8603694444444,323.0,2,https://tourmkr.com/F17VY1PAdF
47019839,43.450436111111,-3.8605722222222,143.0,2,https://tourmkr.com/F17VY1PAdF
47019837,43.450352777778,-3.8607361111111,331.3,2,https://tourmkr.com/F17VY1PAdF
47019835,43.450322222222,-3.8609138888889,31.4,3,https://tourmkr.com/F17VY1PAdF
47019848,43.450397222222,-3.8610111111111,45.7,4,https://tourmkr.com/F17VY1PAdF
47019836,43.450339553313,-3.8611612667873,136.8,1,https://tourmkr.com/F17VY1PAdF
47019780,43.450436111111,-3.8609,137.5,2,https://tourmkr.com/F17VY1PAdF
47019782,43.450488888889,-3.8607583333333,317.5,1,https://tourmkr.com/F17VY1PAdF
47019779,43.451127777778,-3.8615277777778,227.1,1,https://tourmkr.com/F17VY1PAdF
47019778,43.450980555556,-3.8614222222222,226.9,2,https://tourmkr.com/F17VY1PAdF
47019777,43.450838888889,-3.8613194444444,228.0,2,https://tourmkr.com/F17VY1PAdF
47019860,43.450686111111,-3.8612138888889,229.0,2,https://tourmkr.com/F17VY1PAdF
47019859,43.450513888889,-3.8611,49.0,2,https://tourmkr.com/F17VY1PAdF
47019783,43.450229995914,-3.8611658549461,321.8,2,https://tourmkr.com/F17VY1PAdF
47019858,43.450158333333,-3.8614,318.4,2,https://tourmkr.com/F17VY1PAdF
47019857,43.45009428849,-3.861579253106,315.9,3,https://tourmkr.com/F17VY1PAdF
47019856,43.450162685437,-3.8616284222204,227.1,3,https://tourmkr.com/F17VY1PAdF
47019784,43.450227777778,-3.8614583333333,316.8,1,https://tourmkr.com/F17VY1PAdF
47019855,43.450227777778,-3.8616833333333,47.4,2,https://tourmkr.com/F17VY1PAdF
47019785,43.45034500711,-3.8617665703525,227.4,2,https://tourmkr.com/F17VY1PAdF
47019854,43.450476215206,-3.8618506081559,46.7,2,https://tourmkr.com/F17VY1PAdF
47019834,43.450626371339,-3.861960237638,47.9,2,https://tourmkr.com/F17VY1PAdF
47019781,43.450745792865,-3.862043104061,45.9,2,https://tourmkr.com/F17VY1PAdF
47019853,43.450845169878,-3.8621181134037,225.9,1,https://tourmkr.com/F17VY1PAdF
47019852,43.450038871828,-3.861718480968,311.4,3,https://tourmkr.com/F17VY1PAdF
47019861,43.450130555556,-3.8617972222222,44.2,2,https://tourmkr.com/F17VY1PAdF
47019863,43.450281551468,-3.8619193474664,41.9,2,https://tourmkr.com/F17VY1PAdF
47019851,43.450425198326,-3.8620466031059,46.6,2,https://tourmkr.com/F17VY1PAdF
47019862,43.450580166262,-3.8621602229533,46.8,2,https://tourmkr.com/F17VY1PAdF
47019849,43.450737588504,-3.8622749330193,34.7,2,https://tourmkr.com/F17VY1PAdF
47019850,43.450827231001,-3.8623782039289,214.7,1,https://tourmkr.com/F17VY1PAdF
47019868,43.449947850945,-3.8619100684545,314.1,2,https://tourmkr.com/F17VY1PAdF
47019903,43.449848125665,-3.862143325295,309.0,2,https://tourmkr.com/F17VY1PAdF
47019869,43.449734554023,-3.8623617593065,307.0,2,https://tourmkr.com/F17VY1PAdF
47019867,43.449653309738,-3.8625070944222,127.0,1,https://tourmkr.com/F17VY1PAdF
47020033,43.444177777778,-3.8340638888889,292.6,3,https://tourmkr.com/F17VY1PAdF
47020034,43.444122222222,-3.833825,2.4,1,https://tourmkr.com/F17VY1PAdF
47020035,43.444063888889,-3.8341861111111,286.5,2,https://tourmkr.com/F17VY1PAdF
47020036,43.443947222222,-3.8342861111111,286.8,2,https://tourmkr.com/F17VY1PAdF
47020037,43.443802777778,-3.8344111111111,280.5,2,https://tourmkr.com/F17VY1PAdF
47020038,43.443652777778,-3.8345111111111,154.3,3,https://tourmkr.com/F17VY1PAdF
47020040,43.443467704144,-3.834628682255,277.0,2,https://tourmkr.com/F17VY1PAdF
47020039,43.443341666667,-3.8347,276.7,2,https://tourmkr.com/F17VY1PAdF
47020041,43.443172222222,-3.8347944444444,274.0,2,https://tourmkr.com/F17VY1PAdF
47020042,43.443011111111,-3.8348722222222,275.8,2,https://tourmkr.com/F17VY1PAdF
47020043,43.442844444444,-3.8349611111111,275.4,2,https://tourmkr.com/F17VY1PAdF
47020044,43.442663888889,-3.8350555555556,270.5,2,https://tourmkr.com/F17VY1PAdF
47020045,43.442522222222,-3.8351111111111,90.5,1,https://tourmkr.com/F17VY1PAdF
47019905,43.443683333333,-3.8342805555556,121.9,2,https://tourmkr.com/F17VY1PAdF
47019907,43.443813888889,-3.8340861111111,127.2,2,https://tourmkr.com/F17VY1PAdF
47019904,43.443925,-3.8338861111111,131.5,2,https://tourmkr.com/F17VY1PAdF
47019906,43.444027777778,-3.8336694444444,130.0,2,https://tourmkr.com/F17VY1PAdF
47019910,43.44416320383,-3.8333998433613,132.7,2,https://tourmkr.com/F17VY1PAdF
47019911,43.444344444444,-3.8329833333333,133.9,2,https://tourmkr.com/F17VY1PAdF
47019908,43.444431760201,-3.8327812262424,313.9,2,https://tourmkr.com/F17VY1PAdF
47019909,43.444528859199,-3.8325672420312,312.6,2,https://tourmkr.com/F17VY1PAdF
47019914,43.444588326593,-3.8324365449659,312.6,3,https://tourmkr.com/F17VY1PAdF
47019915,43.444772967732,-3.8325343952057,233.6,2,https://tourmkr.com/F17VY1PAdF
47019912,43.444921336969,-3.8326271491269,230.2,2,https://tourmkr.com/F17VY1PAdF
47019913,43.44509992943,-3.8327179589393,234.4,2,https://tourmkr.com/F17VY1PAdF
47019917,43.445286894459,-3.8328170883323,233.6,2,https://tourmkr.com/F17VY1PAdF
47019916,43.44549771231,-3.8329210027262,52.1,2,https://tourmkr.com/F17VY1PAdF
47019918,43.445674534223,-3.8330221911088,104.3,3,https://tourmkr.com/F17VY1PAdF
47019919,43.444247222222,-3.8335027777778,167.1,2,https://tourmkr.com/F17VY1PAdF
47019920,43.444238909857,-3.8332323763745,347.1,3,https://tourmkr.com/F17VY1PAdF
47019921,43.444724710402,-3.8321616562749,132.0,2,https://tourmkr.com/F17VY1PAdF
47019922,43.444824813567,-3.8319464208203,130.2,2,https://tourmkr.com/F17VY1PAdF
47019923,43.444932412677,-3.8317300699368,134.4,2,https://tourmkr.com/F17VY1PAdF
47019927,43.445011111111,-3.8315444444444,129.2,2,https://tourmkr.com/F17VY1PAdF
47019924,43.445117612099,-3.8313382328491,127.8,2,https://tourmkr.com/F17VY1PAdF
47019925,43.445181771567,-3.8312201315374,131.5,3,https://tourmkr.com/F17VY1PAdF
47019926,43.445336513958,-3.8313068640859,53.7,3,https://tourmkr.com/F17VY1PAdF
47019928,43.445542391412,-3.8314151591788,57.4,2,https://tourmkr.com/F17VY1PAdF
47019929,43.445664703569,-3.8314675842095,52.9,2,https://tourmkr.com/F17VY1PAdF
47019931,43.445815856714,-3.8315507292466,52.9,2,https://tourmkr.com/F17VY1PAdF
47019930,43.445999565412,-3.8316517824452,55.6,2,https://tourmkr.com/F17VY1PAdF
47019932,43.446179702446,-3.8317372538688,54.6,2,https://tourmkr.com/F17VY1PAdF
47019933,43.446335037095,-3.8318152721383,234.6,2,https://tourmkr.com/F17VY1PAdF
47019934,43.44646618861,-3.8318837018239,54.2,2,https://tourmkr.com/F17VY1PAdF
47019935,43.446663379692,-3.8319847448724,52.9,2,https://tourmkr.com/F17VY1PAdF
47019936,43.44680522877,-3.8320627732839,50.6,2,https://tourmkr.com/F17VY1PAdF
47019938,43.445382035249,-3.8311870652103,134.3,2,https://tourmkr.com/F17VY1PAdF
47019937,43.445425,-3.8310861111111,142.3,2,https://tourmkr.com/F17VY1PAdF
47019939,43.445472222222,-3.8309277777778,156.2,2,https://tourmkr.com/F17VY1PAdF
47019940,43.445316319465,-3.8309365926094,133.5,2,https://tourmkr.com/F17VY1PAdF
47019942,43.445421266619,-3.830697530369,132.8,2,https://tourmkr.com/F17VY1PAdF
47019941,43.445520831699,-3.8304770000918,129.0,3,https://tourmkr.com/F17VY1PAdF
47019943,43.445623794536,-3.8302795525198,130.2,2,https://tourmkr.com/F17VY1PAdF
47019944,43.445717270428,-3.8300915354049,129.2,2,https://tourmkr.com/F17VY1PAdF
47019946,43.44745603937,-3.8293286365077,235.0,3,https://tourmkr.com/F17VY1PAdF
47019945,43.447271715194,-3.8292378299227,55.0,2,https://tourmkr.com/F17VY1PAdF
47019947,43.447106226586,-3.8291562893157,233.8,2,https://tourmkr.com/F17VY1PAdF
47019948,43.446917416484,-3.829057452258,239.3,2,https://tourmkr.com/F17VY1PAdF
47019949,43.446745199679,-3.8289925904124,257.6,2,https://tourmkr.com/F17VY1PAdF
47019950,43.446564909686,-3.8290055627811,266.6,2,https://tourmkr.com/F17VY1PAdF
47019951,43.446394037331,-3.8290555990632,273.1,2,https://tourmkr.com/F17VY1PAdF
47019952,43.446232582694,-3.8291297268868,300.2,2,https://tourmkr.com/F17VY1PAdF
47019953,43.446102073214,-3.829313193252,310.1,2,https://tourmkr.com/F17VY1PAdF
47019954,43.446012022055,-3.8294931305014,311.2,2,https://tourmkr.com/F17VY1PAdF
47019959,43.445912958914,-3.8296995954918,307.9,2,https://tourmkr.com/F17VY1PAdF
47019955,43.445802777778,-3.8299027777778,315.6,2,https://tourmkr.com/F17VY1PAdF
47019956,43.44576008437,-3.8300088256595,52.8,3,https://tourmkr.com/F17VY1PAdF
47019958,43.446012675548,-3.8301485982366,55.9,2,https://tourmkr.com/F17VY1PAdF
47019957,43.446154408147,-3.8302149344824,56.2,2,https://tourmkr.com/F17VY1PAdF
47019963,43.446317469024,-3.830289799673,52.8,2,https://tourmkr.com/F17VY1PAdF
47019960,43.44651355431,-3.8303978329898,232.8,2,https://tourmkr.com/F17VY1PAdF
47019962,43.446675926205,-3.8304812271303,54.3,2,https://tourmkr.com/F17VY1PAdF
47019961,43.446826601432,-3.8305579876448,55.2,2,https://tourmkr.com/F17VY1PAdF
47019964,43.447068093818,-3.8306754975628,54.1,2,https://tourmkr.com/F17VY1PAdF
47019965,43.447352521559,-3.8308210347986,234.6,2,https://tourmkr.com/F17VY1PAdF
47019966,43.447294444444,-3.8305861111111,323.7,2,https://tourmkr.com/F17VY1PAdF
47019968,43.447373510091,-3.8303166857092,144.3,2,https://tourmkr.com/F17VY1PAdF
47019967,43.447443153246,-3.83005789049,146.1,2,https://tourmkr.com/F17VY1PAdF
47019969,43.447499787542,-3.8298253636142,145.1,2,https://tourmkr.com/F17VY1PAdF
47019970,43.447563390504,-3.8295781010868,113.6,3,https://tourmkr.com/F17VY1PAdF
47019972,43.447683333333,-3.8294444444444,53.6,3,https://tourmkr.com/F17VY1PAdF
47019971,43.447860645541,-3.8295385961161,53.6,2,https://tourmkr.com/F17VY1PAdF
47019973,43.448040626004,-3.8296338880449,233.6,2,https://tourmkr.com/F17VY1PAdF
47019974,43.448184329179,-3.8297055105425,56.7,2,https://tourmkr.com/F17VY1PAdF
47019975,43.448361047319,-3.8297841531619,51.3,2,https://tourmkr.com/F17VY1PAdF
47019978,43.448528939022,-3.8298839373573,53.7,2,https://tourmkr.com/F17VY1PAdF
47019976,43.448685664303,-3.8299664377422,54.6,2,https://tourmkr.com/F17VY1PAdF
47019977,43.448838667203,-3.8300431768573,55.3,2,https://tourmkr.com/F17VY1PAdF
47019979,43.449008875518,-3.8301256670911,51.9,2,https://tourmkr.com/F17VY1PAdF
47019980,43.44914746515,-3.8302056193174,37.4,2,https://tourmkr.com/F17VY1PAdF
47019983,43.449266666667,-3.8303305555556,283.3,3,https://tourmkr.com/F17VY1PAdF
47019981,43.449433333333,-3.830225,101.6,2,https://tourmkr.com/F17VY1PAdF
47019982,43.4496,-3.8301083333333,102.9,2,https://tourmkr.com/F17VY1PAdF
47019984,43.449753701794,-3.8299946512956,103.1,2,https://tourmkr.com/F17VY1PAdF
47019985,43.449899550307,-3.8298859149627,283.1,2,https://tourmkr.com/F17VY1PAdF
47019986,43.450077777778,-3.8297583333333,100.1,2,https://tourmkr.com/F17VY1PAdF
47019987,43.450255555556,-3.8296416666667,107.8,2,https://tourmkr.com/F17VY1PAdF
47019988,43.450419444444,-3.8294944444444,107.9,2,https://tourmkr.com/F17VY1PAdF
47019989,43.450563888889,-3.8293638888889,111.7,2,https://tourmkr.com/F17VY1PAdF
47019990,43.450697222222,-3.829225,291.7,1,https://tourmkr.com/F17VY1PAdF
47019993,43.449063888889,-3.8304833333333,280.3,2,https://tourmkr.com/F17VY1PAdF
47019991,43.448908333333,-3.8305861111111,100.3,2,https://tourmkr.com/F17VY1PAdF
47019992,43.448755555556,-3.8306972222222,287.7,2,https://tourmkr.com/F17VY1PAdF
47019994,43.448594444444,-3.8308416666667,285.3,2,https://tourmkr.com/F17VY1PAdF
47019995,43.448427777778,-3.8309777777778,280.5,2,https://tourmkr.com/F17VY1PAdF
47019997,43.448269934788,-3.8310833285366,282.4,2,https://tourmkr.com/F17VY1PAdF
47019996,43.448076311343,-3.8312239663381,283.8,3,https://tourmkr.com/F17VY1PAdF
47019998,43.447902777778,-3.8311083333333,235.4,2,https://tourmkr.com/F17VY1PAdF
47019999,43.447682640046,-3.8310022811606,232.0,2,https://tourmkr.com/F17VY1PAdF
47020000,43.447512856563,-3.8309047587812,52.0,2,https://tourmkr.com/F17VY1PAdF
47020001,43.447244224409,-3.8307664729849,323.1,4,https://tourmkr.com/F17VY1PAdF
47020002,43.447178863507,-3.8309948592095,325.3,2,https://tourmkr.com/F17VY1PAdF
47020003,43.447119444444,-3.8312277777778,325.1,2,https://tourmkr.com/F17VY1PAdF
47020004,43.447052777778,-3.8314861111111,323.3,2,https://tourmkr.com/F17VY1PAdF
47020005,43.44698585805,-3.8317225605287,323.5,2,https://tourmkr.com/F17VY1PAdF
47020006,43.446878110142,-3.8321076576683,283.4,3,https://tourmkr.com/F17VY1PAdF
47020007,43.446922816596,-3.8320535738077,96.9,3,https://tourmkr.com/F17VY1PAdF
47020008,43.446940466214,-3.8318846257026,336.5,2,https://tourmkr.com/F17VY1PAdF
47020009,43.447902129614,-3.8313576634608,281.5,2,https://tourmkr.com/F17VY1PAdF
47020010,43.447722222222,-3.8314833333333,282.1,2,https://tourmkr.com/F17VY1PAdF
47020011,43.447536111111,-3.8316166666667,281.3,2,https://tourmkr.com/F17VY1PAdF
47020012,43.447391666667,-3.8317166666667,279.0,2,https://tourmkr.com/F17VY1PAdF
47020013,43.447275520079,-3.8317891596661,99.0,2,https://tourmkr.com/F17VY1PAdF
47020014,43.447124919669,-3.8319180039786,283.0,2,https://tourmkr.com/F17VY1PAdF
47020015,43.447003724973,-3.8320080543214,103.0,2,https://tourmkr.com/F17VY1PAdF
47020016,43.446752197532,-3.8322026904735,282.1,2,https://tourmkr.com/F17VY1PAdF
47020017,43.446609103867,-3.8323052181097,282.1,2,https://tourmkr.com/F17VY1PAdF
47020018,43.446456127193,-3.8324146236192,285.8,2,https://tourmkr.com/F17VY1PAdF
47020019,43.446303150131,-3.8325422633814,282.9,2,https://tourmkr.com/F17VY1PAdF
47020021,43.446125166717,-3.8326739552,283.4,2,https://tourmkr.com/F17VY1PAdF
47020020,43.445942769948,-3.8328117251012,284.3,2,https://tourmkr.com/F17VY1PAdF
47020022,43.445795675378,-3.8329272086953,104.3,2,https://tourmkr.com/F17VY1PAdF
47020023,43.445542811174,-3.8331044339573,280.9,2,https://tourmkr.com/F17VY1PAdF
47020024,43.445372147382,-3.8332205092052,283.1,2,https://tourmkr.com/F17VY1PAdF
47020025,43.445182952969,-3.8333615511629,279.1,2,https://tourmkr.com/F17VY1PAdF
47020026,43.4450314039,-3.8334564522056,286.0,2,https://tourmkr.com/F17VY1PAdF
47020027,43.444892417862,-3.8335731191751,106.0,2,https://tourmkr.com/F17VY1PAdF
47020028,43.444732970306,-3.8336859588316,283.1,2,https://tourmkr.com/F17VY1PAdF
47020029,43.444578173285,-3.8338013567978,279.3,2,https://tourmkr.com/F17VY1PAdF
47020030,43.444452656319,-3.8338808673843,269.3,2,https://tourmkr.com/F17VY1PAdF
47020032,43.444361111111,-3.8339138888889,205.9,3,https://tourmkr.com/F17VY1PAdF
47020031,43.444263888889,-3.8337611111111,25.9,2,https://tourmkr.com/F17VY1PAdF
47020662,43.444880405739,-3.8344149182773,224.0,2,https://tourmkr.com/F17VY1PAdF
47020046,43.444671655838,-3.8342443479494,102.3,3,https://tourmkr.com/F17VY1PAdF
47020658,43.444855501641,-3.834111920416,282.3,2,https://tourmkr.com/F17VY1PAdF
47020660,43.445042422193,-3.8339711834531,283.3,2,https://tourmkr.com/F17VY1PAdF
47020659,43.445222896912,-3.8338384690483,282.7,2,https://tourmkr.com/F17VY1PAdF
47020661,43.445365983897,-3.8337272939686,284.1,2,https://tourmkr.com/F17VY1PAdF
47020656,43.445536195412,-3.8335976768253,283.6,2,https://tourmkr.com/F17VY1PAdF
47020655,43.445690448594,-3.8334838910908,103.6,2,https://tourmkr.com/F17VY1PAdF
47020654,43.445837011984,-3.8333723049872,10.6,3,https://tourmkr.com/F17VY1PAdF
47020657,43.445980238869,-3.8332634873624,283.5,2,https://tourmkr.com/F17VY1PAdF
47020653,43.446117120019,-3.8331705175289,104.4,2,https://tourmkr.com/F17VY1PAdF
47020649,43.446275456018,-3.833046003288,102.3,2,https://tourmkr.com/F17VY1PAdF
47020648,43.446422357475,-3.8329397534963,103.5,2,https://tourmkr.com/F17VY1PAdF
47020652,43.446587257132,-3.8328143837031,102.0,2,https://tourmkr.com/F17VY1PAdF
47020650,43.446652372764,-3.8327679447731,102.4,3,https://tourmkr.com/F17VY1PAdF
47020651,43.446830949608,-3.8326383043568,103.6,2,https://tourmkr.com/F17VY1PAdF
47020647,43.44700549379,-3.8325054388033,102.0,2,https://tourmkr.com/F17VY1PAdF
47020645,43.447181680525,-3.8323798263073,101.7,2,https://tourmkr.com/F17VY1PAdF
47020643,43.447326628674,-3.8322780371459,45.6,3,https://tourmkr.com/F17VY1PAdF
47020644,43.447478149183,-3.8321702932489,281.9,2,https://tourmkr.com/F17VY1PAdF
47020646,43.447671852692,-3.8320341733033,100.3,2,https://tourmkr.com/F17VY1PAdF
47020616,43.44778316199,-3.8319606006945,102.8,2,https://tourmkr.com/F17VY1PAdF
47020615,43.447902037548,-3.8318729792945,282.8,2,https://tourmkr.com/F17VY1PAdF
47020613,43.447993289619,-3.8317992403328,285.0,2,https://tourmkr.com/F17VY1PAdF
47020612,43.448114358011,-3.8317095039839,104.0,2,https://tourmkr.com/F17VY1PAdF
47020614,43.448229613865,-3.8316201205286,103.2,2,https://tourmkr.com/F17VY1PAdF
47020611,43.448315059917,-3.8315560998172,105.5,2,https://tourmkr.com/F17VY1PAdF
47020641,43.448384018963,-3.8314993722963,105.6,2,https://tourmkr.com/F17VY1PAdF
47020642,43.448494161733,-3.831408344294,102.1,3,https://tourmkr.com/F17VY1PAdF
47020047,43.448628968774,-3.8314851473316,54.7,2,https://tourmkr.com/F17VY1PAdF
47020048,43.449316546297,-3.8318549472573,48.9,2,https://tourmkr.com/F17VY1PAdF
47020640,43.449216317211,-3.8317953360757,234.9,2,https://tourmkr.com/F17VY1PAdF
47020639,43.449041829181,-3.8317088660987,232.1,2,https://tourmkr.com/F17VY1PAdF
47020636,43.448911510004,-3.8316343884086,233.0,2,https://tourmkr.com/F17VY1PAdF
47020049,43.448737229345,-3.8315391552039,234.7,2,https://tourmkr.com/F17VY1PAdF
47020638,43.448772675894,-3.8312090302626,102.1,2,https://tourmkr.com/F17VY1PAdF
47020635,43.448913980439,-3.831107842781,101.9,2,https://tourmkr.com/F17VY1PAdF
47020631,43.449036701355,-3.8310208259948,103.4,2,https://tourmkr.com/F17VY1PAdF
47020632,43.449166815383,-3.8309225396593,283.4,2,https://tourmkr.com/F17VY1PAdF
47020634,43.449308784892,-3.8308140937766,102.0,2,https://tourmkr.com/F17VY1PAdF
47020633,43.449454573095,-3.8307102321927,102.8,2,https://tourmkr.com/F17VY1PAdF
47020629,43.449592655384,-3.8306085542343,103.8,2,https://tourmkr.com/F17VY1PAdF
47020630,43.449699079334,-3.8305268029499,99.8,3,https://tourmkr.com/F17VY1PAdF
47020050,43.4498,-3.8305277777778,50.0,4,https://tourmkr.com/F17VY1PAdF
47020628,43.449841666667,-3.8304666666667,261.5,3,https://tourmkr.com/F17VY1PAdF
47020627,43.449969272655,-3.8303281668523,104.7,2,https://tourmkr.com/F17VY1PAdF
47020626,43.450119682547,-3.8302084710857,103.3,2,https://tourmkr.com/F17VY1PAdF
47020623,43.450269326259,-3.8300957509245,102.8,2,https://tourmkr.com/F17VY1PAdF
47020625,43.450409900762,-3.82999224082,282.8,2,https://tourmkr.com/F17VY1PAdF
47020624,43.450553046878,-3.8298757889254,105.0,2,https://tourmkr.com/F17VY1PAdF
47020621,43.450652517746,-3.8297954283931,102.4,2,https://tourmkr.com/F17VY1PAdF
47020620,43.450737874773,-3.8297335333096,103.2,2,https://tourmkr.com/F17VY1PAdF
47020619,43.450831004882,-3.8296637439267,105.1,2,https://tourmkr.com/F17VY1PAdF
47020052,43.450924892508,-3.8295877708212,111.9,3,https://tourmkr.com/F17VY1PAdF
47020711,43.451944444444,-3.8277805555556,64.5,2,https://tourmkr.com/F17VY1PAdF
47020718,43.452125,-3.827825,54.7,2,https://tourmkr.com/F17VY1PAdF
47020608,43.452275,-3.8279,50.2,2,https://tourmkr.com/F17VY1PAdF
47020610,43.452430555556,-3.8279972222222,53.9,2,https://tourmkr.com/F17VY1PAdF
47020607,43.452494444444,-3.8280305555556,233.9,2,https://tourmkr.com/F17VY1PAdF
47020606,43.452499780675,-3.8280934135895,4.9,2,https://tourmkr.com/F17VY1PAdF
47020070,43.452638888889,-3.8284111111111,298.2,2,https://tourmkr.com/F17VY1PAdF
47020072,43.452584453619,-3.8284824759999,118.2,1,https://tourmkr.com/F17VY1PAdF
47020603,43.452696144364,-3.8283296858478,183.4,2,https://tourmkr.com/F17VY1PAdF
47020600,43.452676820746,-3.828251426987,234.3,2,https://tourmkr.com/F17VY1PAdF
47020602,43.452520685097,-3.8281715707615,235.4,3,https://tourmkr.com/F17VY1PAdF
47020601,43.452355660702,-3.8280922464926,233.8,2,https://tourmkr.com/F17VY1PAdF
47020599,43.452141939228,-3.8279804473812,234.5,2,https://tourmkr.com/F17VY1PAdF
47020597,43.451968797804,-3.827893138177,244.6,2,https://tourmkr.com/F17VY1PAdF
47020663,43.451779809472,-3.8278468214864,312.6,3,https://tourmkr.com/F17VY1PAdF
47020596,43.451702777778,-3.8280166666667,132.6,2,https://tourmkr.com/F17VY1PAdF
47020595,43.45165,-3.8282611111111,317.7,2,https://tourmkr.com/F17VY1PAdF
47020594,43.451563888889,-3.8284944444444,137.7,2,https://tourmkr.com/F17VY1PAdF
47020721,43.451461111111,-3.828725,133.1,2,https://tourmkr.com/F17VY1PAdF
47020673,43.451363888889,-3.8289222222222,130.5,2,https://tourmkr.com/F17VY1PAdF
47020679,43.451288888889,-3.8291277777778,138.0,2,https://tourmkr.com/F17VY1PAdF
47020667,43.451211111111,-3.8293277777778,136.5,2,https://tourmkr.com/F17VY1PAdF
47020720,43.451130555556,-3.8295277777778,135.6,3,https://tourmkr.com/F17VY1PAdF
47020664,43.451066666667,-3.8297777777778,145.2,2,https://tourmkr.com/F17VY1PAdF
47020089,43.450291220164,-3.832443156044,319.2,2,https://tourmkr.com/F17VY1PAdF
47020090,43.450316666667,-3.8323361111111,326.5,2,https://tourmkr.com/F17VY1PAdF
47020712,43.450357117613,-3.8322090792751,142.4,2,https://tourmkr.com/F17VY1PAdF
47020093,43.450386037269,-3.8321116711203,145.1,2,https://tourmkr.com/F17VY1PAdF
47020670,43.450415256006,-3.8319982580921,142.6,3,https://tourmkr.com/F17VY1PAdF
47020091,43.450459111712,-3.8318577681653,143.7,2,https://tourmkr.com/F17VY1PAdF
47020092,43.450508279977,-3.831681062198,323.7,3,https://tourmkr.com/F17VY1PAdF
47020094,43.45055752477,-3.8314914849615,143.5,2,https://tourmkr.com/F17VY1PAdF
47020707,43.450608347873,-3.8313107722068,323.5,2,https://tourmkr.com/F17VY1PAdF
47020703,43.450636111111,-3.8310388888889,336.6,2,https://tourmkr.com/F17VY1PAdF
47020706,43.450688888889,-3.8308138888889,148.0,2,https://tourmkr.com/F17VY1PAdF
47020672,43.450747222222,-3.8305444444444,328.0,2,https://tourmkr.com/F17VY1PAdF
47020704,43.450813888889,-3.8302972222222,324.3,2,https://tourmkr.com/F17VY1PAdF
47020705,43.450877777778,-3.8300444444444,325.4,2,https://tourmkr.com/F17VY1PAdF
47020698,43.451013888889,-3.8294944444444,62.9,3,https://tourmkr.com/F17VY1PAdF
47020701,43.450927186626,-3.8297174008447,323.7,3,https://tourmkr.com/F17VY1PAdF
47020699,43.450868944455,-3.8299271947839,321.4,2,https://tourmkr.com/F17VY1PAdF
47020697,43.450816361579,-3.830095939069,141.4,2,https://tourmkr.com/F17VY1PAdF
47020696,43.450753952575,-3.8303183991268,143.5,2,https://tourmkr.com/F17VY1PAdF
47020695,43.450709848538,-3.8305078073086,300.1,2,https://tourmkr.com/F17VY1PAdF
47020694,43.450575208368,-3.8306961935598,120.1,2,https://tourmkr.com/F17VY1PAdF
47020693,43.450416617674,-3.8308704870605,113.2,3,https://tourmkr.com/F17VY1PAdF
47020692,43.450311042264,-3.8308219221672,230.7,2,https://tourmkr.com/F17VY1PAdF
47020691,43.450116901672,-3.8307029934959,234.6,2,https://tourmkr.com/F17VY1PAdF
47020689,43.449962895249,-3.8306256000022,233.1,2,https://tourmkr.com/F17VY1PAdF
47020690,43.449775,-3.8304777777778,81.5,3,https://tourmkr.com/F17VY1PAdF
47020104,43.449905555556,-3.8305944444444,53.1,2,https://tourmkr.com/F17VY1PAdF
47020688,43.450342781209,-3.8309462035785,293.2,2,https://tourmkr.com/F17VY1PAdF
47020719,43.450255116381,-3.8310423509003,293.5,2,https://tourmkr.com/F17VY1PAdF
47020686,43.45009336037,-3.8312215556759,113.5,2,https://tourmkr.com/F17VY1PAdF
47020684,43.449939408741,-3.8313862686292,294.3,2,https://tourmkr.com/F17VY1PAdF
47020683,43.449795411417,-3.8315506692082,292.4,2,https://tourmkr.com/F17VY1PAdF
47020682,43.449657634772,-3.8316974616841,112.4,2,https://tourmkr.com/F17VY1PAdF
47020681,43.449499496579,-3.8318638889643,112.0,2,https://tourmkr.com/F17VY1PAdF
47020687,43.449433209585,-3.831932454595,291.2,3,https://tourmkr.com/F17VY1PAdF
47020685,43.449271224606,-3.8320979472448,292.7,2,https://tourmkr.com/F17VY1PAdF
47020709,43.449147021006,-3.8322316498507,112.7,2,https://tourmkr.com/F17VY1PAdF
47020708,43.449023156416,-3.8323627034935,293.8,2,https://tourmkr.com/F17VY1PAdF
47020675,43.448891147358,-3.832510897922,113.8,2,https://tourmkr.com/F17VY1PAdF
47020680,43.448752690118,-3.8326629883238,294.2,2,https://tourmkr.com/F17VY1PAdF
47020678,43.448631992432,-3.8328002745274,294.7,2,https://tourmkr.com/F17VY1PAdF
47020677,43.448501566379,-3.8329515852371,289.8,3,https://tourmkr.com/F17VY1PAdF
47020674,43.448340021624,-3.8328658962361,233.7,2,https://tourmkr.com/F17VY1PAdF
47020676,43.448176553301,-3.8327797399186,53.7,2,https://tourmkr.com/F17VY1PAdF
47020106,43.447995855998,-3.8326885120436,54.5,2,https://tourmkr.com/F17VY1PAdF
47020107,43.447826650035,-3.8325854583825,50.8,2,https://tourmkr.com/F17VY1PAdF
47020108,43.447660012563,-3.8324930695042,232.7,2,https://tourmkr.com/F17VY1PAdF
47020710,43.447470188033,-3.8323879451505,52.7,2,https://tourmkr.com/F17VY1PAdF
47020669,43.448321542529,-3.8331262599922,109.8,2,https://tourmkr.com/F17VY1PAdF
47020668,43.448164346645,-3.8333009251962,290.0,2,https://tourmkr.com/F17VY1PAdF
47020593,43.448014853295,-3.8334471231677,110.0,2,https://tourmkr.com/F17VY1PAdF
47020592,43.447878887277,-3.8335966083213,295.0,2,https://tourmkr.com/F17VY1PAdF
47020588,43.447743882539,-3.8337544588381,292.3,2,https://tourmkr.com/F17VY1PAdF
47020590,43.447586399739,-3.8339219035182,296.2,2,https://tourmkr.com/F17VY1PAdF
47020591,43.447545516824,-3.8339718729515,234.0,3,https://tourmkr.com/F17VY1PAdF
47020589,43.447384147569,-3.8338882754369,232.4,2,https://tourmkr.com/F17VY1PAdF
47020053,43.447218805044,-3.8337952359816,234.2,2,https://tourmkr.com/F17VY1PAdF
47020586,43.447026353877,-3.8336962194703,234.3,2,https://tourmkr.com/F17VY1PAdF
47020587,43.446823241525,-3.8335926772524,233.6,2,https://tourmkr.com/F17VY1PAdF
47020585,43.44668112649,-3.8335175038844,231.4,2,https://tourmkr.com/F17VY1PAdF
47020584,43.446602438486,-3.8334708795562,235.2,2,https://tourmkr.com/F17VY1PAdF
47020054,43.446607211433,-3.833169680047,146.3,2,https://tourmkr.com/F17VY1PAdF
47020055,43.446651458337,-3.8329854197034,152.4,2,https://tourmkr.com/F17VY1PAdF
47020056,43.44666837425,-3.832877828899,332.4,2,https://tourmkr.com/F17VY1PAdF
47020582,43.446532293412,-3.8334367324103,324.4,3,https://tourmkr.com/F17VY1PAdF
47020583,43.44644740372,-3.8337536288311,324.1,2,https://tourmkr.com/F17VY1PAdF
47020581,43.446381708513,-3.833994727154,325.1,2,https://tourmkr.com/F17VY1PAdF
47020579,43.446315419908,-3.8342519825041,145.1,2,https://tourmkr.com/F17VY1PAdF
47020580,43.446263487433,-3.8344492241871,324.1,2,https://tourmkr.com/F17VY1PAdF
47020578,43.446198692714,-3.834687145587,324.5,2,https://tourmkr.com/F17VY1PAdF
47020577,43.446136852574,-3.8349193334192,324.9,2,https://tourmkr.com/F17VY1PAdF
47020576,43.446062174902,-3.8352064383437,144.9,2,https://tourmkr.com/F17VY1PAdF
47020058,43.446006709348,-3.8354249730927,45.6,3,https://tourmkr.com/F17VY1PAdF
47020057,43.445926359137,-3.8354338616736,320.5,3,https://tourmkr.com/F17VY1PAdF
47020574,43.446077777778,-3.8357361111111,33.2,3,https://tourmkr.com/F17VY1PAdF
47020575,43.446108333333,-3.8355027777778,112.2,3,https://tourmkr.com/F17VY1PAdF
47020572,43.446254496995,-3.8353477065268,111.9,2,https://tourmkr.com/F17VY1PAdF
47020573,43.4463986675,-3.835196841215,112.8,2,https://tourmkr.com/F17VY1PAdF
47020571,43.446558601554,-3.8350239031942,292.8,2,https://tourmkr.com/F17VY1PAdF
47020570,43.446700938379,-3.8348720520033,292.4,2,https://tourmkr.com/F17VY1PAdF
47020568,43.446856891387,-3.8347057021546,292.4,2,https://tourmkr.com/F17VY1PAdF
47020569,43.447016981399,-3.8345284841641,293.4,2,https://tourmkr.com/F17VY1PAdF
47020567,43.447280791453,-3.8342499320875,112.0,2,https://tourmkr.com/F17VY1PAdF
47020565,43.447449397266,-3.8340724130782,292.0,2,https://tourmkr.com/F17VY1PAdF
47020564,43.445743855404,-3.8352097033419,220.4,2,https://tourmkr.com/F17VY1PAdF
47020563,43.445562393107,-3.8350393835622,222.5,2,https://tourmkr.com/F17VY1PAdF
47020561,43.445460402032,-3.8349509644719,42.5,3,https://tourmkr.com/F17VY1PAdF
47020560,43.445858875675,-3.833434085255,324.8,2,https://tourmkr.com/F17VY1PAdF
47020559,43.44580396376,-3.833643203493,144.8,2,https://tourmkr.com/F17VY1PAdF
47020558,43.445751915831,-3.8338454173777,324.6,2,https://tourmkr.com/F17VY1PAdF
47020557,43.44568415969,-3.8341012715509,324.7,2,https://tourmkr.com/F17VY1PAdF
47020556,43.44562295583,-3.8343341253828,324.3,2,https://tourmkr.com/F17VY1PAdF
47020555,43.445559275745,-3.8345711110684,144.3,2,https://tourmkr.com/F17VY1PAdF
47020553,43.445498969125,-3.8348113909776,145.6,2,https://tourmkr.com/F17VY1PAdF
47020554,43.44535676484,-3.8348649108891,220.0,3,https://tourmkr.com/F17VY1PAdF
47020508,43.445267776027,-3.834780352526,219.2,2,https://tourmkr.com/F17VY1PAdF
47020510,43.445161896389,-3.8346764347482,220.6,2,https://tourmkr.com/F17VY1PAdF
47020509,43.44505656538,-3.8345785485366,221.7,2,https://tourmkr.com/F17VY1PAdF
47020511,43.444957274478,-3.8344900827786,41.7,2,https://tourmkr.com/F17VY1PAdF
47020405,43.445875777675,-3.8355890292223,284.5,3,https://tourmkr.com/F17VY1PAdF
47020524,43.445769756775,-3.8356728828136,283.5,2,https://tourmkr.com/F17VY1PAdF
47020525,43.445588163586,-3.8358105828662,282.4,2,https://tourmkr.com/F17VY1PAdF
47020527,43.445430555556,-3.835925,283.4,2,https://tourmkr.com/F17VY1PAdF
47020526,43.445284985132,-3.8360352008682,283.0,2,https://tourmkr.com/F17VY1PAdF
47020528,43.445128508618,-3.8361516830113,279.3,2,https://tourmkr.com/F17VY1PAdF
47020529,43.444951077216,-3.8362636962516,99.3,2,https://tourmkr.com/F17VY1PAdF
47020530,43.444792090062,-3.8363890307203,104.4,2,https://tourmkr.com/F17VY1PAdF
47020404,43.444627613733,-3.8365250160178,280.7,2,https://tourmkr.com/F17VY1PAdF
47020531,43.444487234425,-3.8366195502724,100.7,2,https://tourmkr.com/F17VY1PAdF
47020532,43.444319444444,-3.8367416666667,282.4,2,https://tourmkr.com/F17VY1PAdF
47020536,43.444167013081,-3.8368520085192,281.2,2,https://tourmkr.com/F17VY1PAdF
47020534,43.444008333333,-3.8369611111111,283.1,2,https://tourmkr.com/F17VY1PAdF
47020533,43.443838753866,-3.8370877459061,283.6,2,https://tourmkr.com/F17VY1PAdF
47020535,43.443701053736,-3.8371925397749,281.7,2,https://tourmkr.com/F17VY1PAdF
47020408,43.443544444444,-3.8373027777778,282.0,2,https://tourmkr.com/F17VY1PAdF
47020537,43.443364572606,-3.837431176011,102.0,2,https://tourmkr.com/F17VY1PAdF
47020538,43.443213874016,-3.8375503676449,281.3,2,https://tourmkr.com/F17VY1PAdF
47020540,43.443070536755,-3.8376494032066,101.3,2,https://tourmkr.com/F17VY1PAdF
47020539,43.442881209122,-3.8377920658025,193.6,3,https://tourmkr.com/F17VY1PAdF
47020543,43.442457699229,-3.836667515224,191.6,2,https://tourmkr.com/F17VY1PAdF
47020542,43.442375883804,-3.8364460288396,11.6,2,https://tourmkr.com/F17VY1PAdF
47020544,43.442294224606,-3.8362331305321,189.5,2,https://tourmkr.com/F17VY1PAdF
47020545,43.442229956696,-3.8360417768375,9.5,3,https://tourmkr.com/F17VY1PAdF
47020547,43.442420131611,-3.8359056463952,282.1,2,https://tourmkr.com/F17VY1PAdF
47020546,43.44257543101,-3.8357920428852,102.7,2,https://tourmkr.com/F17VY1PAdF
47020548,43.442727276304,-3.8356805244252,282.7,2,https://tourmkr.com/F17VY1PAdF
47020549,43.442882030956,-3.8355587432416,284.4,2,https://tourmkr.com/F17VY1PAdF
47020550,43.443045913989,-3.8354366458785,99.0,2,https://tourmkr.com/F17VY1PAdF
47020402,43.443185859154,-3.835349472974,104.5,2,https://tourmkr.com/F17VY1PAdF
47020551,43.443344804202,-3.8352239737532,102.0,2,https://tourmkr.com/F17VY1PAdF
47020552,43.443490977567,-3.8351196125728,103.7,2,https://tourmkr.com/F17VY1PAdF
47020403,43.443631269263,-3.8350120881953,283.7,2,https://tourmkr.com/F17VY1PAdF
47020400,43.44371953528,-3.8349494005261,100.6,2,https://tourmkr.com/F17VY1PAdF
47020401,43.443830555556,-3.834875,280.6,2,https://tourmkr.com/F17VY1PAdF
47020399,43.443913285535,-3.8348015448879,103.2,2,https://tourmkr.com/F17VY1PAdF
47020397,43.444071022434,-3.8346834877374,100.4,2,https://tourmkr.com/F17VY1PAdF
47020398,43.444223075305,-3.8345822897532,280.4,2,https://tourmkr.com/F17VY1PAdF
47020409,43.444350079004,-3.8344881578163,104.2,2,https://tourmkr.com/F17VY1PAdF
47020396,43.444489322356,-3.8343793326167,284.2,2,https://tourmkr.com/F17VY1PAdF
47020472,43.446155367713,-3.8358304229286,14.2,2,https://tourmkr.com/F17VY1PAdF
47020475,43.446238785693,-3.8360328799579,7.2,2,https://tourmkr.com/F17VY1PAdF
47020474,43.4463172208,-3.8362932683995,309.5,2,https://tourmkr.com/F17VY1PAdF
47020476,43.446228284862,-3.8364672710707,129.5,2,https://tourmkr.com/F17VY1PAdF
47020477,43.44604379715,-3.8365995781753,281.7,2,https://tourmkr.com/F17VY1PAdF
47020478,43.445869444444,-3.8367222222222,281.0,2,https://tourmkr.com/F17VY1PAdF
47020479,43.445702777778,-3.8368361111111,282.2,2,https://tourmkr.com/F17VY1PAdF
47020480,43.445525250062,-3.8369638092829,102.2,2,https://tourmkr.com/F17VY1PAdF
47020481,43.445353766535,-3.8371028330264,282.2,2,https://tourmkr.com/F17VY1PAdF
47020482,43.445172222222,-3.8372333333333,102.2,2,https://tourmkr.com/F17VY1PAdF
47020484,43.445019444444,-3.8373611111111,281.4,2,https://tourmkr.com/F17VY1PAdF
47020483,43.444847222222,-3.8374805555556,281.1,2,https://tourmkr.com/F17VY1PAdF
47020485,43.444636111111,-3.837625,101.1,2,https://tourmkr.com/F17VY1PAdF
47020486,43.444477777778,-3.8377583333333,280.3,2,https://tourmkr.com/F17VY1PAdF
47020487,43.444280555556,-3.8378888888889,100.3,2,https://tourmkr.com/F17VY1PAdF
47020488,43.444116666667,-3.8380083333333,282.4,2,https://tourmkr.com/F17VY1PAdF
47020489,43.443955555556,-3.838125,281.2,2,https://tourmkr.com/F17VY1PAdF
47020490,43.443777777778,-3.8382472222222,280.3,2,https://tourmkr.com/F17VY1PAdF
47020493,43.443613888889,-3.8383555555556,284.0,2,https://tourmkr.com/F17VY1PAdF
47020491,43.443452777778,-3.8384805555556,279.1,2,https://tourmkr.com/F17VY1PAdF
47020494,43.443288888889,-3.8385833333333,280.5,2,https://tourmkr.com/F17VY1PAdF
47020492,43.443122222222,-3.8386944444444,305.2,3,https://tourmkr.com/F17VY1PAdF
47020495,43.442983333333,-3.8387444444444,339.3,3,https://tourmkr.com/F17VY1PAdF
47020496,43.442969444444,-3.83895,159.3,3,https://tourmkr.com/F17VY1PAdF
47020497,43.442877777778,-3.8391444444444,131.6,3,https://tourmkr.com/F17VY1PAdF
47020498,43.442861111111,-3.8394555555556,342.1,2,https://tourmkr.com/F17VY1PAdF
47020499,43.442852777778,-3.8397166666667,342.9,2,https://tourmkr.com/F17VY1PAdF
47020500,43.442847222222,-3.8399694444444,342.1,2,https://tourmkr.com/F17VY1PAdF
47020501,43.442838888889,-3.840225,342.1,2,https://tourmkr.com/F17VY1PAdF
47020502,43.442830555556,-3.8404833333333,341.6,2,https://tourmkr.com/F17VY1PAdF
47020503,43.442822222222,-3.8407027777778,320.9,2,https://tourmkr.com/F17VY1PAdF
47020505,43.442755555556,-3.8409111111111,261.1,2,https://tourmkr.com/F17VY1PAdF
47020506,43.442558333333,-3.8409416666667,254.6,2,https://tourmkr.com/F17VY1PAdF
47020507,43.442363888889,-3.8409416666667,253.5,2,https://tourmkr.com/F17VY1PAdF
47020470,43.442169444444,-3.8409361111111,254.6,2,https://tourmkr.com/F17VY1PAdF
47020469,43.441977777778,-3.8409361111111,254.6,2,https://tourmkr.com/F17VY1PAdF
47020468,43.441758333333,-3.8409361111111,249.5,2,https://tourmkr.com/F17VY1PAdF
47020609,43.441580555556,-3.8409138888889,258.4,2,https://tourmkr.com/F17VY1PAdF
47020467,43.441394444444,-3.8409305555556,243.8,2,https://tourmkr.com/F17VY1PAdF
47020622,43.441236111111,-3.8408888888889,255.7,2,https://tourmkr.com/F17VY1PAdF
47020464,43.44105465942,-3.8408934154925,255.3,2,https://tourmkr.com/F17VY1PAdF
47020466,43.440938282352,-3.8405531528934,340.9,2,https://tourmkr.com/F17VY1PAdF
47020465,43.440944444444,-3.8402888888889,164.9,2,https://tourmkr.com/F17VY1PAdF
47020463,43.44094358963,-3.8400561323992,162.0,2,https://tourmkr.com/F17VY1PAdF
47020462,43.440952777778,-3.8397861111111,342.0,2,https://tourmkr.com/F17VY1PAdF
47020461,43.4409548893,-3.8395578887811,343.9,2,https://tourmkr.com/F17VY1PAdF
47020460,43.440954213045,-3.8392898158732,344.8,2,https://tourmkr.com/F17VY1PAdF
47020459,43.440952205538,-3.8390321358607,163.9,2,https://tourmkr.com/F17VY1PAdF
47020458,43.440953984918,-3.8388448180616,343.9,3,https://tourmkr.com/F17VY1PAdF
47020456,43.440777361166,-3.8388320840849,253.6,2,https://tourmkr.com/F17VY1PAdF
47020457,43.440611111111,-3.8388277777778,73.6,2,https://tourmkr.com/F17VY1PAdF
47020455,43.440425020675,-3.8388166668022,286.8,3,https://tourmkr.com/F17VY1PAdF
47020454,43.440419444444,-3.8386444444444,128.1,3,https://tourmkr.com/F17VY1PAdF
47020453,43.440519444444,-3.8384583333333,87.4,3,https://tourmkr.com/F17VY1PAdF
47020452,43.440688888889,-3.8384055555556,85.6,2,https://tourmkr.com/F17VY1PAdF
47020450,43.440844444444,-3.8383638888889,85.4,2,https://tourmkr.com/F17VY1PAdF
47020449,43.441012352098,-3.8383198993123,92.0,2,https://tourmkr.com/F17VY1PAdF
47020451,43.441161727316,-3.8382091035171,294.4,2,https://tourmkr.com/F17VY1PAdF
47020448,43.441324991672,-3.838079231622,101.0,2,https://tourmkr.com/F17VY1PAdF
47020447,43.441459807669,-3.8379871521452,103.1,2,https://tourmkr.com/F17VY1PAdF
47020446,43.441577179002,-3.8378994947248,173.8,3,https://tourmkr.com/F17VY1PAdF
47020445,43.441655555556,-3.8380083333333,73.5,2,https://tourmkr.com/F17VY1PAdF
47020444,43.441772939007,-3.8380114529328,11.4,2,https://tourmkr.com/F17VY1PAdF
47020443,43.441537888596,-3.8367803372338,357.6,3,https://tourmkr.com/F17VY1PAdF
47020442,43.441562468188,-3.8369271584172,357.5,2,https://tourmkr.com/F17VY1PAdF
47020441,43.4416,-3.8371527777778,357.5,2,https://tourmkr.com/F17VY1PAdF
47020440,43.441639743652,-3.8373918544945,292.9,2,https://tourmkr.com/F17VY1PAdF
47020436,43.441888888889,-3.8383277777778,359.7,2,https://tourmkr.com/F17VY1PAdF
47020434,43.441938888889,-3.8385833333333,179.7,2,https://tourmkr.com/F17VY1PAdF
47020433,43.441977777778,-3.8387888888889,260.4,2,https://tourmkr.com/F17VY1PAdF
47020432,43.441838888889,-3.8388083333333,249.1,2,https://tourmkr.com/F17VY1PAdF
47020431,43.441672222222,-3.8387861111111,240.1,2,https://tourmkr.com/F17VY1PAdF
47020430,43.441516666667,-3.8387305555556,253.3,2,https://tourmkr.com/F17VY1PAdF
47020429,43.441347222222,-3.838725,255.7,2,https://tourmkr.com/F17VY1PAdF
47020428,43.441184311495,-3.8387292427673,7.9,3,https://tourmkr.com/F17VY1PAdF
47020427,43.441134878977,-3.8385055937826,1.2,2,https://tourmkr.com/F17VY1PAdF
47020426,43.441111572027,-3.8383809716507,176.5,2,https://tourmkr.com/F17VY1PAdF
47020666,43.441160758722,-3.8386256498892,181.2,2,https://tourmkr.com/F17VY1PAdF
47020714,43.441222173719,-3.8388505544438,253.0,3,https://tourmkr.com/F17VY1PAdF
47020715,43.441409198079,-3.8388610932534,72.8,2,https://tourmkr.com/F17VY1PAdF
47020716,43.441608935503,-3.8388700278873,77.2,2,https://tourmkr.com/F17VY1PAdF
47020665,43.441791940597,-3.8388587080954,73.4,2,https://tourmkr.com/F17VY1PAdF
47020717,43.441980347737,-3.8388643636596,72.5,2,https://tourmkr.com/F17VY1PAdF
47020713,43.442161617591,-3.8388739133995,73.7,2,https://tourmkr.com/F17VY1PAdF
47020424,43.442313110498,-3.838877309142,72.2,2,https://tourmkr.com/F17VY1PAdF
47020422,43.44247873451,-3.838886939375,73.7,2,https://tourmkr.com/F17VY1PAdF
47020425,43.442686111111,-3.8388916666667,44.0,3,https://tourmkr.com/F17VY1PAdF
47020423,43.442822222222,-3.8390027777778,224.0,2,https://tourmkr.com/F17VY1PAdF
47020421,43.442783333333,-3.8388027777778,288.2,2,https://tourmkr.com/F17VY1PAdF
47020419,43.442854610418,-3.838577776109,321.1,3,https://tourmkr.com/F17VY1PAdF
47020420,43.442859933977,-3.8383537801585,342.8,2,https://tourmkr.com/F17VY1PAdF
47020418,43.442870161101,-3.8381240790366,162.4,2,https://tourmkr.com/F17VY1PAdF
47020417,43.442875846274,-3.837922308971,342.4,2,https://tourmkr.com/F17VY1PAdF
47020416,43.442737084031,-3.837433041333,190.7,2,https://tourmkr.com/F17VY1PAdF
47020415,43.442651612593,-3.8371927736808,190.3,2,https://tourmkr.com/F17VY1PAdF
47020414,43.442591030013,-3.837019238774,192.7,2,https://tourmkr.com/F17VY1PAdF
47020413,43.442557922093,-3.8369337237231,102.4,3,https://tourmkr.com/F17VY1PAdF
47020412,43.442778837504,-3.8367737015954,100.5,2,https://tourmkr.com/F17VY1PAdF
47020410,43.442947222222,-3.8366611111111,103.5,2,https://tourmkr.com/F17VY1PAdF
47020411,43.443086111111,-3.8365555555556,102.0,2,https://tourmkr.com/F17VY1PAdF
47020512,43.44324114733,-3.8364452906352,102.6,2,https://tourmkr.com/F17VY1PAdF
47020516,43.443387611021,-3.83633837756,103.0,2,https://tourmkr.com/F17VY1PAdF
47020515,43.443576924923,-3.8361973768416,103.5,2,https://tourmkr.com/F17VY1PAdF
47020513,43.443722290885,-3.8360870170933,99.9,2,https://tourmkr.com/F17VY1PAdF
47020514,43.443886111111,-3.8359805555556,104.6,2,https://tourmkr.com/F17VY1PAdF
47020520,43.444047222222,-3.8358527777778,101.7,2,https://tourmkr.com/F17VY1PAdF
47020517,43.444219233522,-3.8357315296075,103.3,2,https://tourmkr.com/F17VY1PAdF
47020519,43.444385320171,-3.8356066047697,104.7,2,https://tourmkr.com/F17VY1PAdF
47020518,43.444554217422,-3.8354717649974,99.7,2,https://tourmkr.com/F17VY1PAdF
47020406,43.444711475873,-3.8353706595687,105.1,2,https://tourmkr.com/F17VY1PAdF
47020522,43.444851440154,-3.8352573959939,98.7,2,https://tourmkr.com/F17VY1PAdF
47020523,43.445019804346,-3.8351536940651,103.1,2,https://tourmkr.com/F17VY1PAdF
47020521,43.445164464087,-3.8350458130492,103.7,2,https://tourmkr.com/F17VY1PAdF
47020407,43.44530482145,-3.8349384748857,283.7,2,https://tourmkr.com/F17VY1PAdF
47020119,43.450180125547,-3.8328419136574,146.5,2,https://tourmkr.com/F17VY1PAdF
47020120,43.45011925669,-3.8331050916177,325.2,2,https://tourmkr.com/F17VY1PAdF
47020121,43.450044444444,-3.8333972222222,326.1,2,https://tourmkr.com/F17VY1PAdF
47020122,43.449984260155,-3.8336449125294,327.4,2,https://tourmkr.com/F17VY1PAdF
47020123,43.44995138571,-3.833791061099,324.7,2,https://tourmkr.com/F17VY1PAdF
47020125,43.449793050041,-3.8342982027321,139.3,2,https://tourmkr.com/F17VY1PAdF
47020124,43.449726000869,-3.8345716840052,324.8,2,https://tourmkr.com/F17VY1PAdF
47020127,43.449661193245,-3.8348184366825,319.7,2,https://tourmkr.com/F17VY1PAdF
47020126,43.449578922359,-3.8350619935313,322.0,2,https://tourmkr.com/F17VY1PAdF
47020129,43.449515990925,-3.8352699518011,235.5,3,https://tourmkr.com/F17VY1PAdF
47020128,43.449422324422,-3.8356522300569,323.9,2,https://tourmkr.com/F17VY1PAdF
47020130,43.44936012622,-3.8358781136466,324.2,2,https://tourmkr.com/F17VY1PAdF
47020131,43.449291420558,-3.8361323015641,326.0,2,https://tourmkr.com/F17VY1PAdF
47020132,43.449229697661,-3.8363848219736,321.5,2,https://tourmkr.com/F17VY1PAdF
47020134,43.449097168349,-3.8368718231201,146.8,2,https://tourmkr.com/F17VY1PAdF
47020133,43.449039858442,-3.8370611323379,322.1,2,https://tourmkr.com/F17VY1PAdF
47020136,43.448969278019,-3.8372957021481,322.2,2,https://tourmkr.com/F17VY1PAdF
47020137,43.448890637036,-3.8375583226191,324.9,2,https://tourmkr.com/F17VY1PAdF
47020140,43.448830555556,-3.8377888888889,324.3,2,https://tourmkr.com/F17VY1PAdF
47020138,43.448791666667,-3.8379333333333,221.8,3,https://tourmkr.com/F17VY1PAdF
47020139,43.448963888889,-3.8380861111111,41.0,2,https://tourmkr.com/F17VY1PAdF
47020141,43.449166666667,-3.8382722222222,40.1,2,https://tourmkr.com/F17VY1PAdF
47020142,43.449330555556,-3.8384277777778,39.7,2,https://tourmkr.com/F17VY1PAdF
47020145,43.449466487694,-3.8385587340691,45.9,2,https://tourmkr.com/F17VY1PAdF
47020144,43.449638888889,-3.8386888888889,35.4,2,https://tourmkr.com/F17VY1PAdF
47020143,43.449772222222,-3.8388388888889,39.1,2,https://tourmkr.com/F17VY1PAdF
47020146,43.449938888889,-3.8390027777778,42.1,2,https://tourmkr.com/F17VY1PAdF
47020147,43.4501,-3.8391444444444,44.8,2,https://tourmkr.com/F17VY1PAdF
47020148,43.450258333333,-3.8392694444444,51.8,2,https://tourmkr.com/F17VY1PAdF
47020149,43.450311111111,-3.8393,322.8,2,https://tourmkr.com/F17VY1PAdF
47020150,43.450272222222,-3.8394333333333,142.8,1,https://tourmkr.com/F17VY1PAdF
47020152,43.448432940015,-3.8376139168795,220.6,2,https://tourmkr.com/F17VY1PAdF
47020156,43.448271781141,-3.8374637146539,215.4,2,https://tourmkr.com/F17VY1PAdF
47020154,43.448104810358,-3.8372757114479,199.9,2,https://tourmkr.com/F17VY1PAdF
47020157,43.447986111111,-3.8370444444444,199.2,2,https://tourmkr.com/F17VY1PAdF
47020155,43.447872222222,-3.8368166666667,197.1,2,https://tourmkr.com/F17VY1PAdF
47020158,43.447769444444,-3.8365944444444,186.8,2,https://tourmkr.com/F17VY1PAdF
47020159,43.447702777778,-3.8363694444444,183.4,2,https://tourmkr.com/F17VY1PAdF
47020160,43.447637499381,-3.836105192936,177.8,2,https://tourmkr.com/F17VY1PAdF
47020162,43.447589646491,-3.8358223789112,54.1,3,https://tourmkr.com/F17VY1PAdF
47020161,43.447564462349,-3.8355420519889,158.2,2,https://tourmkr.com/F17VY1PAdF
47020163,43.447590785866,-3.8352197155876,151.9,2,https://tourmkr.com/F17VY1PAdF
47020164,43.44763846898,-3.8349299272904,147.4,2,https://tourmkr.com/F17VY1PAdF
47020165,43.447700323357,-3.8346555792865,134.1,2,https://tourmkr.com/F17VY1PAdF
47020166,43.447807117357,-3.8344060988289,128.0,3,https://tourmkr.com/F17VY1PAdF
47020167,43.448041669194,-3.8345384096199,53.4,2,https://tourmkr.com/F17VY1PAdF
47020168,43.448246700692,-3.8346483444456,56.7,2,https://tourmkr.com/F17VY1PAdF
47020169,43.448392692796,-3.8347135273382,52.4,2,https://tourmkr.com/F17VY1PAdF
47020173,43.448543275265,-3.8347982115562,57.0,2,https://tourmkr.com/F17VY1PAdF
47020170,43.448684579531,-3.8348600999599,56.3,2,https://tourmkr.com/F17VY1PAdF
47020171,43.448862481483,-3.8349412026453,52.2,2,https://tourmkr.com/F17VY1PAdF
47020172,43.449055744262,-3.8350510046655,55.7,2,https://tourmkr.com/F17VY1PAdF
47020174,43.449282907634,-3.8351585960708,235.7,2,https://tourmkr.com/F17VY1PAdF
47020175,43.447874697419,-3.8342810881151,128.8,2,https://tourmkr.com/F17VY1PAdF
47020176,43.447981419498,-3.8340772258781,125.6,2,https://tourmkr.com/F17VY1PAdF
47020177,43.448104055158,-3.8338686145199,115.3,2,https://tourmkr.com/F17VY1PAdF
47020178,43.44824993079,-3.8336960651325,111.8,2,https://tourmkr.com/F17VY1PAdF
47020179,43.44841120595,-3.8335277643526,112.1,2,https://tourmkr.com/F17VY1PAdF
47020180,43.448543255334,-3.8333882390862,108.2,2,https://tourmkr.com/F17VY1PAdF
47020181,43.448622607982,-3.8333157891116,52.2,2,https://tourmkr.com/F17VY1PAdF
47020182,43.448752753075,-3.8333897305613,52.4,2,https://tourmkr.com/F17VY1PAdF
47020183,43.448933333333,-3.8334916666667,54.7,2,https://tourmkr.com/F17VY1PAdF
47020184,43.449129685933,-3.8335900100442,56.7,2,https://tourmkr.com/F17VY1PAdF
47020186,43.449288888889,-3.8336611111111,53.7,2,https://tourmkr.com/F17VY1PAdF
47020185,43.449488888889,-3.8337666666667,51.6,2,https://tourmkr.com/F17VY1PAdF
47020190,43.449711364912,-3.8338969435041,55.1,2,https://tourmkr.com/F17VY1PAdF
47020189,43.449899377489,-3.8339888590567,56.6,4,https://tourmkr.com/F17VY1PAdF
47020192,43.450078625734,-3.8340692019419,51.4,2,https://tourmkr.com/F17VY1PAdF
47020194,43.450250831939,-3.8341711454581,54.9,2,https://tourmkr.com/F17VY1PAdF
47020191,43.450427464674,-3.834258465068,57.9,2,https://tourmkr.com/F17VY1PAdF
47020193,43.450635273671,-3.834344506157,57.2,2,https://tourmkr.com/F17VY1PAdF
47020115,43.450791506689,-3.8344120303489,50.5,2,https://tourmkr.com/F17VY1PAdF
47020111,43.450948748284,-3.8345089136812,54.7,2,https://tourmkr.com/F17VY1PAdF
47020110,43.451169432291,-3.8346190131042,54.2,2,https://tourmkr.com/F17VY1PAdF
47020114,43.451341716211,-3.8347073706105,50.3,2,https://tourmkr.com/F17VY1PAdF
47020109,43.451463888889,-3.8347833333333,323.3,4,https://tourmkr.com/F17VY1PAdF
47020118,43.451586111111,-3.8348527777778,52.0,2,https://tourmkr.com/F17VY1PAdF
47020117,43.451754617965,-3.8349495090339,57.7,2,https://tourmkr.com/F17VY1PAdF
47020116,43.451913107525,-3.8350162222095,143.1,3,https://tourmkr.com/F17VY1PAdF
47020196,43.451859137723,-3.8352412751428,324.5,2,https://tourmkr.com/F17VY1PAdF
47020204,43.45180227278,-3.8354546364855,321.7,2,https://tourmkr.com/F17VY1PAdF
47020201,43.451719881689,-3.8357228208949,319.8,2,https://tourmkr.com/F17VY1PAdF
47020206,43.451630555556,-3.8359888888889,321.6,2,https://tourmkr.com/F17VY1PAdF
47020205,43.451554727168,-3.8362343735637,316.0,2,https://tourmkr.com/F17VY1PAdF
47020202,43.45152518726,-3.8363088338934,233.7,2,https://tourmkr.com/F17VY1PAdF
47020207,43.45132939802,-3.8362053481096,233.3,2,https://tourmkr.com/F17VY1PAdF
47020209,43.451119918846,-3.8360926175553,145.8,3,https://tourmkr.com/F17VY1PAdF
47020210,43.45103613619,-3.8363720237105,322.6,2,https://tourmkr.com/F17VY1PAdF
47020208,43.450961111111,-3.8366277777778,322.3,2,https://tourmkr.com/F17VY1PAdF
47020211,43.450888461006,-3.8368710098328,324.2,2,https://tourmkr.com/F17VY1PAdF
47020212,43.450816666667,-3.8371361111111,323.5,2,https://tourmkr.com/F17VY1PAdF
47020215,43.45073907838,-3.8374129520109,243.4,2,https://tourmkr.com/F17VY1PAdF
47020213,43.45052858166,-3.8373554881661,230.3,2,https://tourmkr.com/F17VY1PAdF
47020216,43.45035083172,-3.8372448940915,232.5,2,https://tourmkr.com/F17VY1PAdF
47020219,43.450188730952,-3.8371539081488,237.0,2,https://tourmkr.com/F17VY1PAdF
47020222,43.449993405589,-3.8370682623344,231.4,2,https://tourmkr.com/F17VY1PAdF
47020217,43.449759393772,-3.8369296005401,234.9,2,https://tourmkr.com/F17VY1PAdF
47020221,43.449540199919,-3.8368209758829,235.8,2,https://tourmkr.com/F17VY1PAdF
47020224,43.449372171728,-3.8367419295744,234.1,2,https://tourmkr.com/F17VY1PAdF
47020225,43.449153702923,-3.836629275811,232.3,4,https://tourmkr.com/F17VY1PAdF
47020227,43.448919242854,-3.8364962984832,235.4,2,https://tourmkr.com/F17VY1PAdF
47020223,43.448698305131,-3.8363898961018,235.6,2,https://tourmkr.com/F17VY1PAdF
47020226,43.448520505634,-3.8363054468053,234.4,2,https://tourmkr.com/F17VY1PAdF
47020230,43.448356094911,-3.836221725156,235.5,2,https://tourmkr.com/F17VY1PAdF
47020233,43.448195409302,-3.8361449638049,232.7,2,https://tourmkr.com/F17VY1PAdF
47020228,43.44803358077,-3.8360551354863,233.4,2,https://tourmkr.com/F17VY1PAdF
47020232,43.447845804896,-3.835954715591,53.4,2,https://tourmkr.com/F17VY1PAdF
47020235,43.450238888889,-3.8325944444444,51.8,3,https://tourmkr.com/F17VY1PAdF
47020236,43.450463888889,-3.832725,53.8,2,https://tourmkr.com/F17VY1PAdF
47020234,43.450627777778,-3.8328111111111,53.8,2,https://tourmkr.com/F17VY1PAdF
47020237,43.450686111111,-3.8328416666667,233.8,2,https://tourmkr.com/F17VY1PAdF
47020239,43.450770601149,-3.8328857689677,54.9,2,https://tourmkr.com/F17VY1PAdF
47020238,43.450855555556,-3.8329277777778,54.7,2,https://tourmkr.com/F17VY1PAdF
47020240,43.451005555556,-3.8330027777778,52.0,2,https://tourmkr.com/F17VY1PAdF
47020242,43.45116561174,-3.8330946984253,54.1,2,https://tourmkr.com/F17VY1PAdF
47020241,43.451267781654,-3.833147573193,52.9,2,https://tourmkr.com/F17VY1PAdF
47020243,43.452284295568,-3.8336590455181,325.6,3,https://tourmkr.com/F17VY1PAdF
47020244,43.452229257123,-3.8338791986797,145.6,2,https://tourmkr.com/F17VY1PAdF
47020247,43.452105555556,-3.834325,324.5,2,https://tourmkr.com/F17VY1PAdF
47020249,43.452031273848,-3.8346040714302,144.5,2,https://tourmkr.com/F17VY1PAdF
47020251,43.451160561233,-3.8359283694454,144.9,2,https://tourmkr.com/F17VY1PAdF
47020255,43.451242799703,-3.8356121122627,143.8,2,https://tourmkr.com/F17VY1PAdF
47020252,43.451305565549,-3.8353852841229,145.0,2,https://tourmkr.com/F17VY1PAdF
47020253,43.451374977057,-3.8351177691592,145.3,2,https://tourmkr.com/F17VY1PAdF
47020254,43.451428143308,-3.8349092500166,325.3,2,https://tourmkr.com/F17VY1PAdF
47020258,43.451538888889,-3.8344555555556,145.0,2,https://tourmkr.com/F17VY1PAdF
47020257,43.451577777778,-3.8343055555556,142.0,2,https://tourmkr.com/F17VY1PAdF
47020256,43.451659752462,-3.8340400071688,321.4,2,https://tourmkr.com/F17VY1PAdF
47020259,43.451605555556,-3.8342138888889,141.4,2,https://tourmkr.com/F17VY1PAdF
47020262,43.451719444444,-3.8338305555556,143.3,2,https://tourmkr.com/F17VY1PAdF
47020263,43.451766905436,-3.8336631035685,144.7,2,https://tourmkr.com/F17VY1PAdF
47020264,43.451826897796,-3.8334349332271,236.7,4,https://tourmkr.com/F17VY1PAdF
47020260,43.451880626106,-3.8332450973869,145.9,2,https://tourmkr.com/F17VY1PAdF
47020266,43.451958380877,-3.8329300229519,143.4,2,https://tourmkr.com/F17VY1PAdF
47020265,43.452042350146,-3.8326332314444,145.0,2,https://tourmkr.com/F17VY1PAdF
47020268,43.452094127655,-3.8324330794054,325.0,2,https://tourmkr.com/F17VY1PAdF
47020267,43.452145601228,-3.8322356954465,324.9,2,https://tourmkr.com/F17VY1PAdF
47020269,43.452184056809,-3.8321007214774,143.9,3,https://tourmkr.com/F17VY1PAdF
47020270,43.452093257717,-3.8320478297266,232.1,2,https://tourmkr.com/F17VY1PAdF
47020271,43.452,-3.8319944444444,232.2,2,https://tourmkr.com/F17VY1PAdF
47020272,43.451897222222,-3.8319361111111,234.7,2,https://tourmkr.com/F17VY1PAdF
47020275,43.451813888889,-3.8318944444444,237.7,2,https://tourmkr.com/F17VY1PAdF
47020276,43.451727777778,-3.8318583333333,236.9,2,https://tourmkr.com/F17VY1PAdF
47020273,43.451633333333,-3.8318166666667,228.6,2,https://tourmkr.com/F17VY1PAdF
47020274,43.451513888889,-3.8317361111111,236.6,2,https://tourmkr.com/F17VY1PAdF
47020198,43.451297222222,-3.8316388888889,230.2,2,https://tourmkr.com/F17VY1PAdF
47020195,43.451155555556,-3.83155,235.6,2,https://tourmkr.com/F17VY1PAdF
47020197,43.451038888889,-3.8314944444444,234.0,2,https://tourmkr.com/F17VY1PAdF
47020199,43.450761111111,-3.83135,225.0,2,https://tourmkr.com/F17VY1PAdF
47020277,43.450697222222,-3.8313,45.0,1,https://tourmkr.com/F17VY1PAdF
47020280,43.45225,-3.8318611111111,140.3,2,https://tourmkr.com/F17VY1PAdF
47020278,43.452316666667,-3.8316583333333,144.4,2,https://tourmkr.com/F17VY1PAdF
47020279,43.4524,-3.8313472222222,149.1,2,https://tourmkr.com/F17VY1PAdF
47020281,43.452447222222,-3.8311138888889,143.2,2,https://tourmkr.com/F17VY1PAdF
47020283,43.452506689623,-3.8309057689353,146.2,2,https://tourmkr.com/F17VY1PAdF
47020282,43.452541666667,-3.8307611111111,55.4,4,https://tourmkr.com/F17VY1PAdF
47020284,43.451458335306,-3.830178409856,54.0,1,https://tourmkr.com/F17VY1PAdF
47020285,43.451575,-3.8302388888889,49.0,2,https://tourmkr.com/F17VY1PAdF
47020286,43.451738888889,-3.8303472222222,52.9,2,https://tourmkr.com/F17VY1PAdF
47020287,43.451936111111,-3.8304555555556,53.0,2,https://tourmkr.com/F17VY1PAdF
47020288,43.45215,-3.8305722222222,56.5,2,https://tourmkr.com/F17VY1PAdF
47020289,43.452347222222,-3.8306611111111,53.5,2,https://tourmkr.com/F17VY1PAdF
47020290,43.452477777778,-3.8307305555556,233.5,2,https://tourmkr.com/F17VY1PAdF
47020291,43.452697222222,-3.8308361111111,49.0,2,https://tourmkr.com/F17VY1PAdF
47020292,43.452850495574,-3.8309373504801,53.0,2,https://tourmkr.com/F17VY1PAdF
47020293,43.453004181743,-3.8310215242167,321.4,3,https://tourmkr.com/F17VY1PAdF
47020294,43.453041666667,-3.8308472222222,143.5,2,https://tourmkr.com/F17VY1PAdF
47020112,43.453116666667,-3.8305805555556,147.0,2,https://tourmkr.com/F17VY1PAdF
47020295,43.453166666667,-3.8303638888889,143.0,2,https://tourmkr.com/F17VY1PAdF
47020113,43.453236111111,-3.8301222222222,323.0,2,https://tourmkr.com/F17VY1PAdF
47020296,43.453327777778,-3.8298194444444,147.7,2,https://tourmkr.com/F17VY1PAdF
47020300,43.453360810978,-3.829669766679,140.2,3,https://tourmkr.com/F17VY1PAdF
47020297,43.453430555556,-3.8294583333333,320.2,2,https://tourmkr.com/F17VY1PAdF
47020298,43.453506310648,-3.8291746437431,324.0,1,https://tourmkr.com/F17VY1PAdF
47020299,43.453464847068,-3.8293264531345,324.9,2,https://tourmkr.com/F17VY1PAdF
47020301,43.453269546791,-3.8296266730246,234.6,2,https://tourmkr.com/F17VY1PAdF
47020302,43.453105555556,-3.8295444444444,235.3,2,https://tourmkr.com/F17VY1PAdF
47020303,43.452922222222,-3.8294555555556,55.3,3,https://tourmkr.com/F17VY1PAdF
47020304,43.452958333333,-3.8292361111111,331.9,2,https://tourmkr.com/F17VY1PAdF
47020305,43.453052777778,-3.829,97.9,3,https://tourmkr.com/F17VY1PAdF
47020306,43.453175,-3.8289277777778,216.3,3,https://tourmkr.com/F17VY1PAdF
47020307,43.453363888889,-3.8289444444444,73.4,2,https://tourmkr.com/F17VY1PAdF
47020308,43.453544444444,-3.82895,163.9,3,https://tourmkr.com/F17VY1PAdF
47020309,43.453538888889,-3.8290416666667,356.0,2,https://tourmkr.com/F17VY1PAdF
47020310,43.453546858409,-3.829096102209,176.0,1,https://tourmkr.com/F17VY1PAdF
47020311,43.453547222222,-3.8286722222222,192.0,2,https://tourmkr.com/F17VY1PAdF
47020314,43.453497222222,-3.8285388888889,226.5,2,https://tourmkr.com/F17VY1PAdF
47020312,43.453297222222,-3.8283916666667,46.5,2,https://tourmkr.com/F17VY1PAdF
47020315,43.453238888889,-3.8284083333333,324.5,2,https://tourmkr.com/F17VY1PAdF
47020316,43.453208172019,-3.8285234921307,323.3,2,https://tourmkr.com/F17VY1PAdF
47020317,43.453144814362,-3.828746391172,324.3,2,https://tourmkr.com/F17VY1PAdF
47020318,43.453113888889,-3.8288611111111,144.3,3,https://tourmkr.com/F17VY1PAdF
47020319,43.452819444444,-3.8297833333333,325.6,2,https://tourmkr.com/F17VY1PAdF
47020320,43.452777777778,-3.82995,322.8,2,https://tourmkr.com/F17VY1PAdF
47020321,43.452694444444,-3.8302361111111,325.3,2,https://tourmkr.com/F17VY1PAdF
47020322,43.452658333333,-3.8303777777778,322.8,2,https://tourmkr.com/F17VY1PAdF
47020323,43.452591740408,-3.8306065893813,142.8,2,https://tourmkr.com/F17VY1PAdF
47020324,43.452952822325,-3.8311862643644,325.8,2,https://tourmkr.com/F17VY1PAdF
47020325,43.452904658174,-3.8313803766257,324.0,2,https://tourmkr.com/F17VY1PAdF
47020326,43.452814283584,-3.8317113814464,144.0,2,https://tourmkr.com/F17VY1PAdF
47020330,43.452738888889,-3.8319722222222,142.9,2,https://tourmkr.com/F17VY1PAdF
47020328,43.452655473131,-3.8323056292315,145.6,2,https://tourmkr.com/F17VY1PAdF
47020327,43.452605555556,-3.8324666666667,141.5,2,https://tourmkr.com/F17VY1PAdF
47020329,43.452544444444,-3.8327111111111,322.6,2,https://tourmkr.com/F17VY1PAdF
47020331,43.452469444444,-3.8329666666667,327.0,2,https://tourmkr.com/F17VY1PAdF
47020332,43.452411111111,-3.8332194444444,147.0,2,https://tourmkr.com/F17VY1PAdF
47020333,43.452340150705,-3.8334498331208,141.7,2,https://tourmkr.com/F17VY1PAdF
47020334,43.452134039112,-3.833583026346,234.9,2,https://tourmkr.com/F17VY1PAdF
47020335,43.451959186162,-3.8334965295176,54.9,2,https://tourmkr.com/F17VY1PAdF
47020336,43.451653541878,-3.8333576329765,233.2,2,https://tourmkr.com/F17VY1PAdF
47020337,43.451413888889,-3.8332277777778,53.2,2,https://tourmkr.com/F17VY1PAdF
47020340,43.441096688733,-3.8382834947711,356.5,3,https://tourmkr.com/F17VY1PAdF
47020341,43.440370925242,-3.8385667329717,301.8,3,https://tourmkr.com/F17VY1PAdF
47020342,43.440305555556,-3.8386638888889,27.8,2,https://tourmkr.com/F17VY1PAdF
47020343,43.440347222222,-3.838725,207.8,3,https://tourmkr.com/F17VY1PAdF
47020344,43.440344444444,-3.8388555555556,303.6,3,https://tourmkr.com/F17VY1PAdF
47020345,43.440436111111,-3.8384666666667,102.5,2,https://tourmkr.com/F17VY1PAdF
47020347,43.440569444444,-3.8383694444444,114.6,2,https://tourmkr.com/F17VY1PAdF
47020346,43.440694444444,-3.838225,113.6,2,https://tourmkr.com/F17VY1PAdF
47020348,43.440841666667,-3.8380611111111,118.1,2,https://tourmkr.com/F17VY1PAdF
47020349,43.440977777778,-3.8378833333333,127.8,2,https://tourmkr.com/F17VY1PAdF
47020350,43.441080555556,-3.8376944444444,131.6,2,https://tourmkr.com/F17VY1PAdF
47020351,43.441172222222,-3.8375,129.3,2,https://tourmkr.com/F17VY1PAdF
47020352,43.441269444444,-3.8373111111111,131.0,2,https://tourmkr.com/F17VY1PAdF
47020353,43.441360017984,-3.837123410723,131.0,2,https://tourmkr.com/F17VY1PAdF
47020354,43.441458993184,-3.8369186443514,311.0,2,https://tourmkr.com/F17VY1PAdF
47020355,43.441696482431,-3.8365688139971,113.5,2,https://tourmkr.com/F17VY1PAdF
47020356,43.441814527405,-3.8364377316745,106.2,2,https://tourmkr.com/F17VY1PAdF
47020357,43.441968856329,-3.8363073418222,104.7,2,https://tourmkr.com/F17VY1PAdF
47020358,43.44209368773,-3.8362076950408,284.7,2,https://tourmkr.com/F17VY1PAdF
47020361,43.441534554783,-3.837505986685,352.7,2,https://tourmkr.com/F17VY1PAdF
47020359,43.441557640876,-3.837731833676,172.7,2,https://tourmkr.com/F17VY1PAdF
47020374,43.441066666667,-3.8388444444444,73.0,2,https://tourmkr.com/F17VY1PAdF
47020375,43.440922123825,-3.8408956343493,339.0,3,https://tourmkr.com/F17VY1PAdF
47020378,43.440902777778,-3.8411638888889,341.9,2,https://tourmkr.com/F17VY1PAdF
47020376,43.440894444444,-3.8414,347.4,2,https://tourmkr.com/F17VY1PAdF
47020379,43.440902777778,-3.8416416666667,349.9,2,https://tourmkr.com/F17VY1PAdF
47020377,43.440911111111,-3.8417666666667,294.7,2,https://tourmkr.com/F17VY1PAdF
47020380,43.440788888889,-3.8419083333333,114.7,2,https://tourmkr.com/F17VY1PAdF
47020381,43.440636111111,-3.8418944444444,249.5,2,https://tourmkr.com/F17VY1PAdF
47020383,43.440480555556,-3.841875,69.5,2,https://tourmkr.com/F17VY1PAdF
47020370,43.4403,-3.8418694444444,244.1,2,https://tourmkr.com/F17VY1PAdF
47020382,43.440229226299,-3.8418513817629,198.0,2,https://tourmkr.com/F17VY1PAdF
47020385,43.440141134254,-3.8416668634672,164.6,2,https://tourmkr.com/F17VY1PAdF
47020384,43.440141233998,-3.8415783891472,162.2,2,https://tourmkr.com/F17VY1PAdF
47020369,43.440147222222,-3.8413861111111,159.3,2,https://tourmkr.com/F17VY1PAdF
47020368,43.440163888889,-3.8411416666667,166.0,2,https://tourmkr.com/F17VY1PAdF
47020366,43.440160261281,-3.840926246017,163.5,2,https://tourmkr.com/F17VY1PAdF
47020365,43.440163693465,-3.8406871898185,160.4,2,https://tourmkr.com/F17VY1PAdF
47020367,43.440172222222,-3.8405305555556,163.4,2,https://tourmkr.com/F17VY1PAdF
47020363,43.440175393684,-3.8403327327884,164.2,2,https://tourmkr.com/F17VY1PAdF
47020364,43.440176597882,-3.8401376027,162.8,2,https://tourmkr.com/F17VY1PAdF
47020387,43.440180323902,-3.8399758508025,166.1,2,https://tourmkr.com/F17VY1PAdF
47020386,43.440177777778,-3.8398361111111,163.0,2,https://tourmkr.com/F17VY1PAdF
47020388,43.440181958797,-3.8396380614834,163.3,2,https://tourmkr.com/F17VY1PAdF
47020390,43.440184231884,-3.8395075518563,159.8,2,https://tourmkr.com/F17VY1PAdF
47020395,43.440192902825,-3.8393668947306,166.9,2,https://tourmkr.com/F17VY1PAdF
47020389,43.440188146053,-3.8391984010271,141.2,2,https://tourmkr.com/F17VY1PAdF
47020394,43.440236536378,-3.8390450414948,321.2,2,https://tourmkr.com/F17VY1PAdF
47020391,43.440281658543,-3.8389571765381,309.4,2,https://tourmkr.com/F17VY1PAdF
47020393,43.440311111111,-3.8389083333333,123.6,2,https://tourmkr.com/F17VY1PAdF
47020392,43.440383333333,-3.8388527777778,257.6,2,https://tourmkr.com/F17VY1PAdF
